{
  "suit.imposter": {
    "sounds": [
      "suit/imposter"
    ],
    "category": "player"
  },
  "suit.imposterremix": {
    "sounds": [
      "suit/imposterremix"
    ],
    "category": "player"
  },
  "suit.groundsmash": {
    "sounds": [
      "suit/groundsmash"
    ],
    "category": "player"
  },
  "suit.minigun": {
    "sounds": [
      "suit/minigun"
    ],
    "category": "player"
  },
  "suit.minigun.shoot": {
    "sounds": [
      "suit/minigun_shoot"
    ],
    "category": "player"
  },
  "suit.minigun.spin": {
    "sounds": [
      "suit/minigun_spin"
    ],
    "category": "player"
  },
  "suit.minigun.start": {
    "sounds": [
      "suit/minigun_start"
    ],
    "category": "player"
  },
  "suit.minigun.stop": {
    "sounds": [
      "suit/minigun_stop"
    ],
    "category": "player"
  },
  "suit.minigun.windown": {
    "sounds": [
      "suit/minigun_windown"
    ],
    "category": "player"
  },
  "suit.minigun.windup": {
    "sounds": [
      "suit/minigun_windup"
    ],
    "category": "player"
  },
  "suit.lantern.enable": {
    "sounds": [
      "suit/lantern_enable"
    ],
    "category": "player"
  },
  "suit.lantern.disable": {
    "sounds": [
      "suit/lantern_disable"
    ],
    "category": "player"
  },
  "suit.lantern.hammer.enable": {
    "sounds": [
      "suit/lantern_hammer_enable"
    ],
    "category": "player"
  },
  "suit.lantern.hammer.disable": {
    "sounds": [
      "suit/lantern_hammer_disable"
    ],
    "category": "player"
  },
  "suit.lantern.blast": {
    "sounds": [
      "suit/lantern_blast"
    ],
    "category": "player"
  },
  "suit.bluebeetle.enable": {
    "sounds": [
      "suit/blue_beetle_enable"
    ],
    "category": "player"
  },
  "suit.bluebeetle.disable": {
    "sounds": [
      "suit/blue_beetle_disable"
    ],
    "category": "player"
  },
  "suit.bluebeetle.blade.enable": {
    "sounds": [
      "suit/blue_beetle_blade_enable"
    ],
    "category": "player"
  },
  "suit.bluebeetle.blade.disable": {
    "sounds": [
      "suit/blue_beetle_blade_disable"
    ],
    "category": "player"
  },
  "suit.bluebeetle.cannon.enable": {
    "sounds": [
      "suit/blue_beetle_cannon_enable"
    ],
    "category": "player"
  },
  "suit.bluebeetle.cannon.disable": {
    "sounds": [
      "suit/blue_beetle_cannon_disable"
    ],
    "category": "player"
  },
  "suit.bluebeetle.cannon.blast": {
    "sounds": [
      "suit/blue_beetle_cannon_blast"
    ],
    "category": "player"
  },
  "suit.bluebeetle.scarab.blast": {
    "sounds": [
      "suit/blue_beetle_scarab_blast"
    ],
    "category": "player"
  },
  "suit.bluebeetle.shield.enable": {
    "sounds": [
      "suit/blue_beetle_shield_enable"
    ],
    "category": "player"
  },
  "suit.bluebeetle.shield.disable": {
    "sounds": [
      "suit/blue_beetle_shield_disable"
    ],
    "category": "player"
  },
  "suit.bluebeetle.wings.enable": {
    "sounds": [
      "suit/blue_beetle_wings_enable"
    ],
    "category": "player"
  },
  "suit.bluebeetle.wings.disable": {
    "sounds": [
      "suit/blue_beetle_wings_disable"
    ],
    "category": "player"
  },
  "suit.bluebeetle.flying": {
    "sounds": [
      "suit/blue_beetle_flying"
    ],
    "category": "player"
  },
  "suit.landing": {
    "sounds": [
      "suit/landing"
    ],
    "category": "player"
  },
  "suit.sonicboom": {
    "sounds": [
      "suit/sonic_boom"
    ],
    "category": "player"
  },
  "suit.superbreath.inhale": {
    "sounds": [
      "suit/super_breath_inhale"
    ],
    "category": "player"
  },
  "suit.superbreath.exhale": {
    "sounds": [
      "suit/super_breath_exhale"
    ],
    "category": "player"
  },
  "suit.thinkmark": {
    "sounds": [
      "suit/think_mark"
    ],
    "category": "player"
  },
  "suit.darkseid.omegabeam.charge": {
    "sounds": [
      "suit/omega_beam_charge"
    ],
    "category": "player"
  },
  "suit.darkseid.omegabeam.shoot": {
    "sounds": [
      "suit/omega_beam_shoot"
    ],
    "category": "player"
  },
  "suit.darkseid.boomtube": {
    "sounds": [
      "suit/darkseid_boomtube"
    ],
    "category": "player"
  },
  "suit.depp.aquaman": {
    "sounds": [
      "suit/depp_aquaman"
    ],
    "category": "player"
  },
  "suit.greengoblin.blade.enable": {
    "sounds": [
      "suit/green_goblin_blade_enable"
    ],
    "category": "player"
  },
  "suit.greengoblin.blade.disable": {
    "sounds": [
      "suit/green_goblin_blade_disable"
    ],
    "category": "player"
  },
  "suit.greengoblin.glider.spawn": {
    "sounds": [
      "suit/green_goblin_glider_spawn"
    ],
    "category": "player"
  },
  "suit.greengoblin.glider.despawn": {
    "sounds": [
      "suit/green_goblin_glider_despawn"
    ],
    "category": "player"
  },
  "suit.greengoblin.grenade": {
    "sounds": [
      "suit/green_goblin_grenade"
    ],
    "category": "player"
  },
  "suit.greengoblin.laugh": {
    "sounds": [
      "suit/green_goblin_laugh_1",
      "suit/green_goblin_laugh_2"
    ],
    "category": "player"
  },
  "suit.greengoblin.lines": {
    "sounds": [
      "suit/green_goblin_attack_heart",
      "suit/green_goblin_cold_shiver",
      "suit/green_goblin_come_play_1",
      "suit/green_goblin_come_play_2",
      "suit/green_goblin_finish_it",
      "suit/green_goblin_gods_choose",
      "suit/green_goblin_godspeed",
      "suit/green_goblin_itsy_bitsy",
      "suit/green_goblin_last_web",
      "suit/green_goblin_laugh_1",
      "suit/green_goblin_laugh_2",
      "suit/green_goblin_mj",
      "suit/green_goblin_pathetic",
      "suit/green_goblin_sacrificed",
      "suit/green_goblin_squash",
      "suit/green_goblin_tell_harry"
    ],
    "category": "player"
  },
  "suit.dripfoe.song": {
    "sounds": [
      "suit/dripfoe_song"
    ],
    "category": "player"
  },
  "suit.dripfoe.line": {
    "sounds": [
      "suit/drip_or_drown"
    ],
    "category": "player"
  },
  "suit.maguire.brothers.doinghere": {
    "sounds": [
      "suit/bully_maguire_doing_here"
    ],
    "category": "player"
  },
  "suit.maguire.brothers.getout": {
    "sounds": [
      "suit/bully_maguire_get_outta_here"
    ],
    "category": "player"
  },
  "suit.bullymaguire.funky": {
    "sounds": [
      "suit/bully_maguire_funky_soul"
    ],
    "category": "player"
  },
  "suit.bullymaguire.symbiote": {
    "sounds": [
      "suit/bully_maguire_symbiote_song"
    ],
    "category": "player"
  },
  "suit.bullymaguire.lines": {
    "sounds": [
      "suit/bully_maguire_damn_door",
      "suit/bully_maguire_dirt",
      "suit/bully_maguire_everything_okay_paul",
      "suit/bully_maguire_forgiveness",
      "suit/bully_maguire_goblin_jr",
      "suit/bully_maguire_good_riddance",
      "suit/bully_maguire_hand_off_me",
      "suit/bully_maguire_leave_alone",
      "suit/bully_maguire_seeya_chump",
      "suit/bully_maguire_something_else",
      "suit/bully_maguire_stings",
      "suit/bully_maguire_the_moves",
      "suit/bully_maguire_trash_brock"
    ],
    "category": "player"
  }
}